Username,post_karma,comment_karma,cake_day,Comments,posts,is_bot
naked-truth,15,794,1395556920.0,[],[],False
Lowbrow,103,31586,1239634041.0,[],[],False
KiwiThunda,4889,102208,1288687142.0,[],[],False
NortonPike,243,87272,1359682800.0,[],[],False
slugwurth,4353,43767,1347315658.0,[],[],False
reganfarquar,15,0,1477493480.0,[],[],False
DatNewbChemist,23759,29478,1431228003.0,[],[],False
Bigbadbackroom,2557,10277,1477101063.0,[],[],False
mikron2,2726,64877,1347730880.0,[],[],False
chacobbbb,1,-5,1477867652.0,[],[],False
NotARealDeveloper,17152,54028,1448945402.0,[],[],False
Edit_a_Username,93,123,1475882039.0,[],[],False
Noob_The_Legend,6146,48989,1418611896.0,[],[],False
getreadyforiteurope,1,-16,1477891252.0,[],[],False
AmbitionK24,546,480,1477062876.0,[],[],False
bjkman,329336,1432673,1333822234.0,[],[],False
Kirbyzx,811,30599,1431727886.0,[],[],False
smnmrk,2054,1592,1460045467.0,[],[],False
sleckar,3876,73547,1349226978.0,[],[],False
yddadevoli,23,35,1467903664.0,[],[],False
OBEYthesky,17781,39996,1315708918.0,[],[],False
speeKz,230,904,1469944843.0,[],[],False
bindingofshear,6381,27578,1342148845.0,[],[],False
conparco,5992,51149,1388594649.0,[],[],False
Wookiefeet67,700,7930,1320495875.0,[],[],False
ewy87,2059,727,1376970836.0,[],[],False
Kvotheadem,206,2111,1441320108.0,[],[],False
sesquiped_alien,9,12399,1300557460.0,[],[],False
Thallassa,10674,78031,1381158364.0,[],[],False
SexySadie80,60,6553,1417383523.0,[],[],False
MonsieurJenkins,155,2272,1473397720.0,[],[],False
ebeaudin,35,91,1471702410.0,[],[],False
Theoxy,14502,27143,1385284295.0,[],[],False
pointfive,1253,2803,1303729039.0,[],[],False
Invinciblex,5175,20409,1279029771.0,[],[],False
TricksterPriestJace,4115,292919,1337391838.0,[],[],False
BL00DBATH,2135,1720,1418471051.0,[],[],False
CaptainKurls,979,124530,1378240599.0,[],[],False
manimal28,86,132482,1398193064.0,[],[],False
BlackSilverHDX,6421,8153,1443492319.0,[],[],False
Hardyng,27,14199,1444208806.0,[],[],False
TheFabulousRBK,732,11062,1366595330.0,[],[],False
NInjas101,621,68170,1477893246.0,[],[],False
mentalgymnasts,7,1584,1471541428.0,[],[],False
TheREALAllAmerican,943,17483,1476674065.0,[],[],False
makeshiftmean,53,179,1474413749.0,[],[],False
bimbomboopdoop,25,466,1470361631.0,[],[],False
FerrisJustDied,411,1310,1297740045.0,[],[],False
AndrewNathaniel,3739,28697,1386876880.0,[],[],False
peachykid,289,118,1471637615.0,[],[],False
Stratocast7,4300,166534,1395887222.0,[],[],False
catullus48108,9312,66213,1320247342.0,[],[],False
exray0,4932,33620,1451584700.0,[],[],False
kitsunegoon,2544,43523,1412448147.0,[],[],False
rule34,49,86902,1215812103.0,[],[],False
2016Politics,22404,11011,1465545955.0,[],[],False
I_AM_CONFIDENT,2392,1507,1476124631.0,[],[],False
NotYourBrahBrah,29,346,1429895175.0,[],[],False
Hollyingrd6,6279,35196,1462763773.0,[],[],False
Snakers716,1,55033,1412122687.0,[],[],False
840726,99747,46416,1465348894.0,[],[],False
Chibi_piccolo,19,361,1473934945.0,[],[],False
bubblewrappedbull,80,5931,1433949128.0,[],[],False
mancubuss,4185,40147,1300610459.0,[],[],False
monguini,508,760,1402542258.0,[],[],False
DaTigerMan,17375,167036,1333569753.0,[],[],False
omystephaniemichelle,285726,8767,1473239131.0,[],[],False
D_K_Schrute,3753,106185,1356729935.0,[],[],False
Austere5,113,1853,1365986191.0,[],[],False
PGT_FTW,44871,13770,1395971811.0,[],[],False
BurningRome,517,10529,1411755296.0,[],[],False
strongblack02,74,5860,1475531985.0,[],[],False
LALocal305,1025,30631,1265247151.0,[],[],False
Revircs,20803,48825,1418098836.0,[],[],False
klethra,6631,79723,1315288480.0,[],[],False
Luzion,76,11966,1399943253.0,[],[],False
Ill_F_urWife4uManlet,2009,2176,1474384487.0,[],[],False
MothProphet,2559,28421,1436007904.0,[],[],False
Kill723,5752,86,1410977519.0,[],[],False
TootMcBumbersnazzle,31171,2441,1458724023.0,[],[],False
iXtremeR,2,1211,1439703365.0,[],[],False
spaghettiputs,987,13158,1446045698.0,[],[],False
VeeVeeLa,7161,41729,1409697197.0,[],[],False
RisingDusk,4726,22134,1353960608.0,[],[],False
tamtamdee,771,480,1430249861.0,[],[],False
uhhthatguy,6,5299,1320268868.0,[],[],False
Ninbyo,203,293247,1303601608.0,[],[],False
AmbitionOfPhilipJFry,54265,89880,1252450849.0,[],[],False
--Chaos,652,3804,1461661257.0,[],[],False
PugKing87,71,1116,1456624803.0,[],[],False
Snipetimus,316,5463,1455338949.0,[],[],False
Arve,125418,102273,1139291252.0,[],[],False
185poundsofhatredWIP,2,2652,1474499708.0,[],[],False
protonwiz,246057,4827,1443312589.0,[],[],False
Sanngetall,9563,40468,1286276400.0,[],[],False
QuarterOztoFreedom,5162,819979,1368199492.0,[],[],False
Osanas,1936,780,1440428576.0,[],[],False
Comanche_Moon,488,230602,1476501154.0,[],[],False
Ihateualll,848,127432,1375603444.0,[],[],False
FlygonRider,3408,3429,1375360511.0,[],[],False
foreverinfinate,5753,80192,1421086072.0,[],[],False
narin000,27523,72681,1392080062.0,[],[],False
Ishouldbedesigning,48,1945,1443457262.0,[],[],False
jeffinRTP,73090,390827,1345569122.0,[],[],False
buzz3light,23941,20280,1431848050.0,[],[],False
any_dank_meme,1998,8926,1449663655.0,[],[],False
LondonFish,7394,51553,1463156045.0,[],[],False
gumpythegreat,1402,376775,1349629245.0,[],[],False
pittneyable,103,144,1401671892.0,[],[],False
Blowupthepokies,12,1498,1389354662.0,[],[],False
killawuchtel,3182,80190,1368306735.0,[],[],False
CapnFlcn,205,423,1465079426.0,[],[],False
Darnell5000,9604,55791,1422728785.0,[],[],False
TheFlying,10122,79740,1334576297.0,[],[],False
chris0720,24348,40833,1462656915.0,[],[],False
americanpegasusPA,8,2145,1432976815.0,[],[],False
Pizzoots,6039,29471,1412210410.0,[],[],False
FennekinShuffle,11547,2975,1461738762.0,[],[],False
1eye_intheworld,35744,23731,1402847661.0,[],[],False
Rexivius,312,874,1444856749.0,[],[],False
StonerMeditation,10904,240320,1397516004.0,[],[],False
bacilligon,314,294,1360707647.0,[],[],False
TheRealSeatooth,1231,20582,1439521363.0,[],[],False
Clint90,59,248,1475366551.0,[],[],False
vs1000,4,3523,1476404552.0,[],[],False
KrisCraig,412627,72388,1328823183.0,[],[],False
JoshuaKevinPerry,63049,70549,1337926237.0,[],[],False
lax3r,14,15179,1420532730.0,[],[],False
BedrockPerson,122877,22118,1456967032.0,[],[],False
DrDuckman,1,36,1371089564.0,[],[],False
TheAbraxis,1745,32333,1390672158.0,[],[],False
Only_a_Taunt,530,518,1411071872.0,[],[],False
Popeychops,7705,112729,1361056086.0,[],[],False
rayne117,5700,117074,1279267598.0,[],[],False
PinkiePieLily,8742,2026,1462152576.0,[],[],False
GabrTheGreat,633,2478,1420354148.0,[],[],False
UGottaLuvKyle,239,607,1405986876.0,[],[],False
shabangbamboom,6081,2864,1329179074.0,[],[],False
niathecake,54,192,1395523113.0,[],[],False
DapperDanRagu,556,6578,1423466968.0,[],[],False
kgor93,5674,8575,1329352992.0,[],[],False
hotdogSamurai,39,14749,1308326732.0,[],[],False
Mr_Again,3217,50066,1384873315.0,[],[],False
LenyAK,139845,86452,1449463633.0,[],[],False
KestrelGirl,15012,77012,1449559682.0,[],[],False
Shinrahunter,6847,75342,1267334739.0,[],[],False
eamonn33,7579,129993,1396099268.0,[],[],False
Drizen,6003,60483,1342449664.0,[],[],False
EvadableMoxie,12478,207198,1297517381.0,[],[],False
newdude90,90,4807,1458452189.0,[],[],False
ironmikey,1374,5280,1404148755.0,[],[],False
PM_Poutine,17638,40522,1388306476.0,[],[],False
spektremwowuser,70,1373,1438195261.0,[],[],False
MisallocatedRacism,114342,686412,1280361062.0,[],[],False
Revived_Bacon,21829,159946,1440602645.0,[],[],False
Wyrm_McFly,27055,31594,1459735711.0,[],[],False
kinzu7,3281,35304,1397065207.0,[],[],False
Fruchtfliege,7589,14580,1328448046.0,[],[],False
The_Height_of_Folly,3860,122198,1435867397.0,[],[],False
mail323,1068,31122,1349237792.0,[],[],False
Not_cousins,2330,5588,1359689513.0,[],[],False
NickNick1027,1,51337,1444606905.0,[],[],False
fyjhrt,168,1228,1364878737.0,[],[],False
jumpnmove,65,732,1293516281.0,[],[],False
Delzethin,2444,38521,1426651908.0,[],[],False
gulaabjaman,32835,30805,1477859691.0,[],[],False
elshiznato,256,18616,1393956489.0,[],[],False
ContributorX_PJ64,92488,149589,1425862314.0,[],[],False
shonenfan,42,298,1384053345.0,[],[],False
steveaksel,234,1222,1386849809.0,[],[],False
Sissorelle,5261,7954,1427241258.0,[],[],False
lord_mironia,12817,5360,1371842288.0,[],[],False
lsjunior,452,84648,1395280131.0,[],[],False
Chunsaaegi,3444,3829,1320906885.0,[],[],False
thebuddhaguy,11666,21017,1367183909.0,[],[],False
blue_whaoo,3618,99512,1363491964.0,[],[],False
Ace-J,251,4880,1394064928.0,[],[],False
Grant72439,78,13466,1399342705.0,[],[],False
taransnoop,253,1804,1330310093.0,[],[],False
rhunter99,1214,69617,1377486429.0,[],[],False
sammay600,3703,2410,1366604656.0,[],[],False
aparrish92,404,1300,1329802356.0,[],[],False
corruptedchick,2956,6383,1396720362.0,[],[],False
TheSystem_IsDown,19235,147738,1287461937.0,[],[],False
FaudelCastro,1515,52584,1397508855.0,[],[],False
Sleaz274,66,2045,1327831390.0,[],[],False
shitsfuckedupalot,9085,307385,1320945081.0,[],[],False
thaeggan,4292,21151,1397177764.0,[],[],False
ClarkFable,640,106776,1360508008.0,[],[],False
gringledoom,118,65942,1417414626.0,[],[],False
MakingAMark,1,0,1471630145.0,[],[],False
goldenbananamango,1477,21932,1439602810.0,[],[],False
AeroAviation,39278,46173,1426024065.0,[],[],False
petite_rouge,1982,603,1376833986.0,[],[],False
The-Internets,155,20673,1324867750.0,[],[],False
NirnaethArnodiad,1042,18784,1459309662.0,[],[],False
AFrozenEgg,1,3714,1455086821.0,[],[],False
flatspotting,6027,127367,1374629627.0,[],[],False
dumbscrub,4522,140787,1377919445.0,[],[],False
Max_Flair,5,252,1356663835.0,[],[],False
passwordistako,606,96750,1455871152.0,[],[],False
westcoastmaximalist,14796,56786,1346333321.0,[],[],False
nujabes02,11476,200161,1419307152.0,[],[],False
vsvpjr,20,-17,1437433581.0,[],[],False
wachet,4078,84440,1339290758.0,[],[],False
Aluminum_Falcons,10039,71589,1445343094.0,[],[],False
blownoutj24,43,3344,1471909959.0,[],[],False
Cosmiagramma,381,22381,1464826245.0,[],[],False
CatzerzMcGee,11514,38561,1350785230.0,[],[],False
Noxu777,5848,21034,1452543374.0,[],[],False
xBrianSmithx,28685,67771,1354293689.0,[],[],False
DtheS,36554,43108,1332903107.0,[],[],False
barelyonhere,56719,95826,1416764085.0,[],[],False
KevinJP64,477,17475,1465252174.0,[],[],False
Agastopia,135896,822416,1378004357.0,[],[],False
hydrocofox,2085,28924,1473226583.0,[],[],False
breusch91,2590,6083,1406850213.0,[],[],False
locke_5,50295,145080,1328064230.0,[],[],False
l3linkTree_Horep,4693,77092,1452452745.0,[],[],False
1EspressoSip,3673,15264,1411079382.0,[],[],False
9Flame,9854,55518,1313814245.0,[],[],False
mrdoitnyce,14628,16233,1376147127.0,[],[],False
daveman312,4947,84630,1301451480.0,[],[],False
sgfreak96,3867,686,1425859249.0,[],[],False
Gilgulim,130139,61244,1476049120.0,[],[],False
Agrona,1120,40714,1298531844.0,[],[],False
Notpewdiepie,275,11671,1375309372.0,[],[],False
ipito,2458,38138,1424827091.0,[],[],False
drugsrgoodtimes,9,4,1477953546.0,[],[],False
ladypocky,9576,48272,1463710660.0,[],[],False
DillDeer,36089,98051,1359144551.0,[],[],False
tooN3RDi,96,363,1318548817.0,[],[],False
theesotericrutabaga,249,34784,1316330786.0,[],[],False
Esternocleido,4412,24856,1325131047.0,[],[],False
jms242424,870,34402,1471225641.0,[],[],False
dreadful05,3909,33455,1313494093.0,[],[],False
SchettiPeregrinus,4324,8745,1352409800.0,[],[],False
BBallHunter,9226,1142248,1380055849.0,[],[],False
Sir_Theodoret,1028,538,1399748700.0,[],[],False
Kittenmittens03,4093,3134,1311603799.0,[],[],False
ivilkee,79,6405,1401688684.0,[],[],False
aalderamen,682,423,1473974888.0,[],[],False
Knock0nWood,1664,87930,1406516787.0,[],[],False
comedygene,8142,287094,1389720475.0,[],[],False
Oregon_Bound,501,6117,1410057957.0,[],[],False
BenchPolkov,27577,212781,1391438288.0,[],[],False
rossiohead,416,20684,1264382312.0,[],[],False
Teknoman117,7656,18955,1332758598.0,[],[],False
SpeedKnight,860,18379,1261443883.0,[],[],False
Grrizzzly,489,36679,1359456858.0,[],[],False
Grow-Grow-Tomago,19426,11409,1444627315.0,[],[],False
mashonem,60609,386546,1365273869.0,[],[],False
LuluRex,10111,62525,1401492423.0,[],[],False
that_mexican_guy,122,343,1413432220.0,[],[],False
AustinArms,448,168,1422945856.0,[],[],False
LeotheYordle,987,113353,1386824332.0,[],[],False
RealBrofessor,1542,15768,1473013956.0,[],[],False
m62613,1371,631,1458254410.0,[],[],False
Refrigeratordrew,76,791,1428130660.0,[],[],False
juzdn,436,17,1469254826.0,[],[],False
PostGraduatePotUser,3325,14472,1374550960.0,[],[],False
nsjersey,54086,125636,1364904505.0,[],[],False
Helios-Apollo,1981,66724,1428905502.0,[],[],False
chaplaps,440,2469,1366832803.0,[],[],False
fulmicoton,2504,2641,1470918594.0,[],[],False
jef940,2591,1762,1338063831.0,[],[],False
danhatab,13714,18149,1372253098.0,[],[],False
daniellosboy,8,611,1449861654.0,[],[],False
TristanW99,307,19154,1385671248.0,[],[],False
doxxmenot,111,11277,1443114450.0,[],[],False
Vapore0n1,1,68,1476322498.0,[],[],False
MindLikeWarp,1,5848,1450414849.0,[],[],False
Johnny_Cocaine,236,6376,1422905373.0,[],[],False
Cronanius,566,8508,1425409203.0,[],[],False
IEpicDestroyer,10079,14909,1475629824.0,[],[],False
Sajl6320,20,14060,1443479904.0,[],[],False
LegoK9,127582,261258,1407274691.0,[],[],False
Pixeltender,3133,21663,1413932815.0,[],[],False
PormanNowell,6608,310262,1457715754.0,[],[],False
ExileInCle19,3038,11625,1389302942.0,[],[],False
stormstopper,8739,170279,1346271347.0,[],[],False
Indomouth,16,56,1474912809.0,[],[],False
BobliBigguns,113,439,1477905181.0,[],[],False
closedblueyes,546,6927,1422383936.0,[],[],False
DonNHillary4-20-2017,923,28483,1476476869.0,[],[],False
aRabidGerbil,417,110691,1339055723.0,[],[],False
orduz,4564,7556,1146025380.0,[],[],False
SuperduperAID,899,18667,1428978316.0,[],[],False
knxcklepxck,150,6398,1435002978.0,[],[],False
thefaultinourballs,1,6436,1436560006.0,[],[],False
kelladay,1,174,1427070576.0,[],[],False
Drewbobsanders,420,17765,1357594651.0,[],[],False
PhoenixZero14,4485,31333,1436903821.0,[],[],False
vortorexi,26,9013,1426318754.0,[],[],False
P0__Boy427,92,5066,1476481180.0,[],[],False
A_Mann,1151,11911,1308364949.0,[],[],False
into_dust,5685,43704,1338915451.0,[],[],False
ConnorTheCondor,608,22092,1418948325.0,[],[],False
Disheartend,5951,62885,1398036416.0,[],[],False
Invinciblex,5175,20409,1279029771.0,[],[],False
d0gg75,3496,1973,1471047436.0,[],[],False
lacr1mosus,405,623,1351544477.0,[],[],False
cl0ugh,562,8752,1445115418.0,[],[],False
GandalfSwagOff,31098,323380,1424407285.0,[],[],False
LandmineCat,2109,10772,1441739371.0,[],[],False
Lord_of_Chitown,1539,11900,1330476947.0,[],[],False
HiddenSecrets,642,15436,1361263011.0,[],[],False
thebedshow,1745,100452,1282816228.0,[],[],False
sweetrobna,80,39906,1399854159.0,[],[],False
keepitbased,464,20459,1409523715.0,[],[],False
Dragonmind,1970,31201,1357846601.0,[],[],False
mike54076,11,15335,1376248757.0,[],[],False
evan938,13379,12316,1372093133.0,[],[],False
anialater45,10504,61107,1333866602.0,[],[],False
Cr0w33,7076,43074,1421307391.0,[],[],False
Chris770,333,34426,1432239724.0,[],[],False
ukulelej,49386,304710,1436510610.0,[],[],False
jwsimmons,8777,9554,1364571722.0,[],[],False
GaiasRazor,6,58,1470844363.0,[],[],False
birbqueen,10721,14464,1456925026.0,[],[],False
0rinx,3349,9832,1366017714.0,[],[],False
Fluffmcgruff81,282,1567,1469659697.0,[],[],False
Beard_o_Bees,8590,514530,1395858645.0,[],[],False
cityterrace,1643,47089,1370044701.0,[],[],False
spicygum,64,341,1477013368.0,[],[],False
Suhweetusername,8082,9999,1347933629.0,[],[],False
Drunk_but_Functional,114,16939,1337990936.0,[],[],False
WonderShrew42,6,16567,1393791997.0,[],[],False
Shhhip,85,867,1434505633.0,[],[],False
Luc20,808,18029,1308808255.0,[],[],False
TheMattInTheBox,12530,135923,1443894476.0,[],[],False
hoopaholik91,218,175972,1283831073.0,[],[],False
umdtoucla,71,5927,1433823635.0,[],[],False
Ohnonotnow17,198,3114,1407790533.0,[],[],False
LoveMeLess123,7,33,1456450746.0,[],[],False
ssuperhanzz,714,63687,1445802677.0,[],[],False
RespectMyAuthoriteh,6412303,501523,1371622158.0,[],[],False
AplacewithAview,376,1410,1422211133.0,[],[],False
sonofodens,1,34,1477405052.0,[],[],False
Telefunkin,20674,131002,1380927693.0,[],[],False
PM_ME_YIFF_PICS,122040,87722,1465867834.0,[],[],False
egregiousRac,3739,78735,1458436769.0,[],[],False
TeteDeMerde,8281,46104,1392162880.0,[],[],False
kbn_,5904,31590,1476805353.0,[],[],False
Gabbitrabbit,6207,10923,1327355222.0,[],[],False
geeneepeegs,4954,60801,1472727306.0,[],[],False
TheiOrbit,758,173,1409765410.0,[],[],False
No-Coast-Punk,32599,245634,1286294411.0,[],[],False
RageKnify,34,11407,1370114971.0,[],[],False
EpicSonicoo,2433,7243,1467407454.0,[],[],False
rhpot1991,2001,23826,1290403854.0,[],[],False
Obaruler,6345,41201,1389141873.0,[],[],False
AAnnAArchy,97,3743,1454492772.0,[],[],False
GonthorianDX,7549,12824,1476361261.0,[],[],False
EverlastingEnigma,382,2712,1447791048.0,[],[],False
nicky_pe,543,3850,1437195699.0,[],[],False
Duooud,2,265,1440201862.0,[],[],False
Leohond15,2761,309639,1470979723.0,[],[],False
whyhirez,979,2960,1453944988.0,[],[],False
JavierCulpeppa,7032,59143,1468018616.0,[],[],False
EvilEyeMonster,31892,41222,1375569937.0,[],[],False
NotBlackAjah7734,12617,14292,1462019116.0,[],[],False
unix_nerd,4784,22266,1405544413.0,[],[],False
MWatters9,15907,56780,1429889505.0,[],[],False
Trooper2784,128,6577,1441083302.0,[],[],False
Kyle1337,93401,260826,1365262039.0,[],[],False
IDreamofLoki,41369,134903,1398309601.0,[],[],False
frogspyer,46964,65687,1459214342.0,[],[],False
DeRockProject,6304,36446,1365114412.0,[],[],False
MattyMuscles064,252,2257,1463514496.0,[],[],False
iTiffany,336,2256,1338325571.0,[],[],False
raspberrykoolaid,66473,113604,1335567053.0,[],[],False
veganvalentine,964,10500,1464249390.0,[],[],False
MahmoodAnsari,5137,946,1376649557.0,[],[],False
Fortehlulz33,81766,407662,1311725986.0,[],[],False
High_Valyrian_,25429,75685,1463595828.0,[],[],False
Eyeshield_sena,5105,25959,1423409474.0,[],[],False
Hokurai,7694,11531,1344641918.0,[],[],False
Vertriv,10531,89599,1379361783.0,[],[],False
Amosratchetmoses,282,745,1421387065.0,[],[],False
Summertheseason,9810,10016,1462310142.0,[],[],False
iCameToLearnSomeCode,14955,236336,1429380813.0,[],[],False
uptofreedom,339,3240,1303657056.0,[],[],False
downtide,445,33396,1371627326.0,[],[],False
Zandohaha,26,53808,1464629947.0,[],[],False
judgeho1den72,337,25175,1452212469.0,[],[],False
Lunux,6645,140111,1338985658.0,[],[],False
big-green,1142,134,1347507749.0,[],[],False
nnavroops,965,63304,1332720508.0,[],[],False
sarahkhill,1235,13505,1348684538.0,[],[],False
farseer2,2782,50565,1436909526.0,[],[],False
thepipesarecall,10859,81094,1298840947.0,[],[],False
Basket0fDeplorables,7017,31018,1474052097.0,[],[],False
canausernamebetoolon,751609,150502,1357596027.0,[],[],False
Houdini47,2638,31878,1408608059.0,[],[],False
IceNineKilled,8,96689,1351051355.0,[],[],False
egrandhustle,6746,7380,1355457376.0,[],[],False
dankypot,1,328,1476561579.0,[],[],False
Tundraaa,2422,240939,1378489019.0,[],[],False
onemm,63660,48623,1271630176.0,[],[],False
Antispiralking,10,1334,1411951812.0,[],[],False
BurgerSupreme,297,81154,1398310934.0,[],[],False
NotAVirtuoso,52,24,1477287282.0,[],[],False
Tinymuffinman,3,19,1459984405.0,[],[],False
Bandit5317,3064,12738,1349557773.0,[],[],False
mrjackspade,1741,279981,1313707234.0,[],[],False
Dirty_Socks,6205,82816,1335852062.0,[],[],False
Throwaway6484626,11,1,1476407238.0,[],[],False
greenlemon23,2279,32046,1369850084.0,[],[],False
Idrinktears,778,7561,1396800275.0,[],[],False
TherapistMD,6146,22682,1353723743.0,[],[],False
being_inappropriate,6341,98586,1343451081.0,[],[],False
casualblair,3841,220475,1337367217.0,[],[],False
ANyTimEfOu,3754,45424,1314602234.0,[],[],False
Augmenti-DeMontia,3731,3601,1467043183.0,[],[],False
goal2004,10417,346403,1284859670.0,[],[],False
magnapater,330,12812,1398295659.0,[],[],False
Listentothemoon,2,37,1476827125.0,[],[],False
voldemortoutbitches,1075,5582,1310826286.0,[],[],False
Aurocaido,329,277,1371527724.0,[],[],False
Crispy95,2206,19847,1337177212.0,[],[],False
4wh457,2877,55166,1385015790.0,[],[],False
TorontoguySRT,177,32,1469118672.0,[],[],False
ThatsPopetastic,5512,26961,1199950170.0,[],[],False
birkbyjack,2677,30619,1416266144.0,[],[],False
shadowman052,658,1391,1337306892.0,[],[],False
hotpie_85,4,1661,1466012887.0,[],[],False
strizzl,1514,8610,1402793517.0,[],[],False
Loneluna,23,1864,1466610240.0,[],[],False
FlipKickBack,490,37151,1453712786.0,[],[],False
iamboredhelpme,998,11453,1409804238.0,[],[],False
boomerangrock,325,10178,1441640558.0,[],[],False
mr_graham,9,1639,1472015755.0,[],[],False
_rerun984,7130,24823,1373817047.0,[],[],False
NowThatsAwkward,11356,81095,1372372897.0,[],[],False
GetRubicked,316,5809,1473409873.0,[],[],False
ilove_pup,8,0,1476822350.0,[],[],False
theonyxphoenix,535,778,1388152072.0,[],[],False
GoonCommaThe,8252,271526,1350735176.0,[],[],False
ToShowWithWords,25,1128,1472230479.0,[],[],False
HubblePie,4591,171868,1437487804.0,[],[],False
juler713,243,11761,1475000483.0,[],[],False
EebamXela,54120,19002,1329110711.0,[],[],False
nickyxpants,456,6785,1363804314.0,[],[],False
Jkmewright,3662,3731,1463097184.0,[],[],False
RemixOnAWhim,2903,50045,1472947948.0,[],[],False
dbdjr,1713,8037,1373949247.0,[],[],False
anazahn,3,657,1448224912.0,[],[],False
ADanceWithYolos,94,8773,1450938496.0,[],[],False
saepe_sapientia,1207,1246,1456015627.0,[],[],False
alminn,2261,21752,1440452325.0,[],[],False
boomerangrock,325,10178,1441640558.0,[],[],False
thanh5o4,256,363,1415140092.0,[],[],False
MohammedCOYG,1078,38860,1425072457.0,[],[],False
alienbrayn1,34022,41240,1363561806.0,[],[],False
twiggymac,4742,349356,1365992435.0,[],[],False
k9_amunity,12040,41166,1380150100.0,[],[],False
elliiza,3235,193,1473045373.0,[],[],False
DerRoger,42,33352,1436012615.0,[],[],False
klemnodd,3841,7327,1339481015.0,[],[],False
KarenFromHR,8406,65268,1476982557.0,[],[],False
DangerMacAwesome,6562,158620,1334866059.0,[],[],False
DevStack2,3865,263,1404670687.0,[],[],False
misdirection403,1,84,1477868193.0,[],[],False
fightingweasel,169,4126,1375398580.0,[],[],False
Twinkle69,159,1347,1446632069.0,[],[],False
BrokeFool,28473,86367,1471916583.0,[],[],False
Cookie-Damage,8620,27775,1433634767.0,[],[],False
TURBODERP,1042,132476,1313069585.0,[],[],False
legends444,10737,42768,1419023816.0,[],[],False
AndrewBlackSwordsman,110,528,1420486275.0,[],[],False
moodmusicfortheUNHCR,1531,18858,1459826377.0,[],[],False
SolarTacos,1596,1479,1444491942.0,[],[],False
lookingforrealtruth2,64,36,1474245711.0,[],[],False
turkeypedal,395,123004,1431384475.0,[],[],False
jeffbell,1942,107443,1137387600.0,[],[],False
boomerangrock,325,10178,1441640558.0,[],[],False
Esquiror,79,11527,1439343750.0,[],[],False
theredsofhiseyes,1,340,1475250853.0,[],[],False
iCzrter,139,-100,1473884923.0,[],[],False
akuma-is-drowning,1,0,1471826886.0,[],[],False
Clayvis4201,519,1464,1461251188.0,[],[],False
hurriwind,377,612,1399600902.0,[],[],False
Blue_crabs,2562,40299,1368376825.0,[],[],False
cowpen,5986,122608,1321312228.0,[],[],False
Garper,3277,123649,1371800022.0,[],[],False
vesere,1,1417,1473138294.0,[],[],False
MenteFria,1,4186,1418001124.0,[],[],False
DeadlyBannana,2398,3725,1394641009.0,[],[],False
vdogg89,15584,43249,1271044923.0,[],[],False
Boredsobored12,11846,19960,1441527984.0,[],[],False
Donutdessertme,608,1008,1474168648.0,[],[],False
Internetimal,57,825,1420145593.0,[],[],False
call_me_schmaby,306,16956,1472783865.0,[],[],False
13lacula,3926,10219,1300836033.0,[],[],False
natmemeren,7,132,1471424426.0,[],[],False
mahoang,86,118,1470497304.0,[],[],False
Acheron13,1,67406,1317441623.0,[],[],False
unclesteveo,101,13008,1382755230.0,[],[],False
nixfu,222111,92750,1178119691.0,[],[],False
infininme,1479,17396,1217276386.0,[],[],False
will67will,5047,37245,1329091714.0,[],[],False
magyar_wannabe,96,30540,1337076968.0,[],[],False
ClarusDignus,206,966,1424497374.0,[],[],False
RacistWillie,3025,176309,1387862609.0,[],[],False
Jeffde,2168,18209,1347618704.0,[],[],False
kodiakchrome,2793,11504,1460961296.0,[],[],False
KMoosetoe,12565,80278,1460754818.0,[],[],False
dsync1,4563,58629,1336084072.0,[],[],False
711_evan,6,15,1475220377.0,[],[],False
whitetail91,120142,4884,1317331195.0,[],[],False
kevcaleg,2109,1810,1357590228.0,[],[],False
candypants77,2536,15667,1397267753.0,[],[],False
erapopa,13323,453,1405720818.0,[],[],False
M_Kirkham,1005,293,1353550199.0,[],[],False
Welcome_2_Pandora,497,73828,1362745116.0,[],[],False
FuzzyFresh,14564,20674,1339964450.0,[],[],False
KaribouLouDied,13162,87400,1357432042.0,[],[],False
Karuso-kun,1097,6184,1468791806.0,[],[],False
antftw1,1745,3083,1416616346.0,[],[],False
epneus1,483,4793,1391495600.0,[],[],False
larce,6989,37623,1372200264.0,[],[],False
TheClevelandPolice,549,8419,1469560087.0,[],[],False
ivegotabrain,656,2563,1407054734.0,[],[],False
Slyphoria,4582,17289,1326963329.0,[],[],False
garrypig,21255,21341,1399245620.0,[],[],False
coolcool23,885,339283,1302757291.0,[],[],False
kcheng686,17427,176540,1417568820.0,[],[],False
extropy,1,2110,1305517960.0,[],[],False
msstark,40119,493613,1403214592.0,[],[],False
jbg89,6249,183167,1303350032.0,[],[],False
Mentioned_Videos,1,131711,1428333616.0,[],[],False
bibblethejew,862,641,1424638117.0,[],[],False
Czar_Nicholas,3,4205,1391306834.0,[],[],False
leeloodallamultipass,886,11017,1419955293.0,[],[],False
CopherSans,20001,12299,1358552434.0,[],[],False
Notyourstickerbitch,1995,2905,1381972899.0,[],[],False
Bau5_Sau5,6867,49511,1346203717.0,[],[],False
Harshul1,45,527,1463321214.0,[],[],False
percyhiggenbottom,990,52721,1334246999.0,[],[],False
-entropy,4,3579,1302038365.0,[],[],False
PointMan528491,16828,211716,1439067184.0,[],[],False
Evilandlazy,4337,54228,1337402109.0,[],[],False
arkonum,1558,1380,1389518870.0,[],[],False
lemonbee,2268,20777,1348060261.0,[],[],False
Notawettowel,2197,27058,1470485853.0,[],[],False
groeit,1327,14159,1397531825.0,[],[],False
AusCan531,27250,428759,1366512475.0,[],[],False
a_very_sad_story,792,19966,1467158895.0,[],[],False
twiztidhatchet,23,270,1317012470.0,[],[],False
chastity_BLT,3428,92879,1432744423.0,[],[],False
gcderrick,8043,19647,1446668987.0,[],[],False
KingJonathan,2411,98984,1389480974.0,[],[],False
Afterism,321,797,1285965023.0,[],[],False
RugWhobyRedE,669,1681,1464981837.0,[],[],False
Recyclex,2801,39225,1357974842.0,[],[],False
LostHobo143,8,3408,1405796635.0,[],[],False
enfier,2582,41979,1436977225.0,[],[],False
idirtbike,12190,18131,1387475164.0,[],[],False
44reagan,8,39,1477852263.0,[],[],False
seatonism,1943,3090,1386951442.0,[],[],False
_r4ph431,9770,17140,1433096748.0,[],[],False
drmountaindeww,35,190,1331256415.0,[],[],False
CosmicPudding,642,567,1400819037.0,[],[],False
Anothernamelesacount,1241,88494,1462195461.0,[],[],False
TMSXL,983,60037,1348087348.0,[],[],False
freescaling,1,32,1476144743.0,[],[],False
Taure,18547,108612,1324413048.0,[],[],False
kzrsosa,2209,27129,1326594599.0,[],[],False
Virtus-X,2185,62,1463709360.0,[],[],False
NinjaBossPro,1446,2420,1426376142.0,[],[],False
untrusted_chair,386,3914,1472833592.0,[],[],False
silverblaze92,54586,358745,1311490518.0,[],[],False
hasnain1720,1026,101563,1357508278.0,[],[],False
Rmoneysoswag,15,23283,1474567667.0,[],[],False
ShiverinMaTimbers,1604,10398,1420572494.0,[],[],False
tetsya,193,16051,1425142435.0,[],[],False
jstiller30,4470,10926,1378948185.0,[],[],False
electricblues42,502,149547,1325281542.0,[],[],False
compound-interest,14339,29977,1455221780.0,[],[],False
downheatx,1001,8536,1462742669.0,[],[],False
megaerureido,19,93,1420109140.0,[],[],False
ZJLSR,70,109,1376249601.0,[],[],False
melisusthewee,583,25786,1468678435.0,[],[],False
nist7,11688,37822,1289328177.0,[],[],False
NivMidget,64,20751,1339066711.0,[],[],False
kingdawg88,13495,1358,1477613224.0,[],[],False
Jack_Flac,31,1041,1452059827.0,[],[],False
valzi,1623,5949,1338065915.0,[],[],False
Colorado-Living,199519,85717,1470778661.0,[],[],False
foppas21,3646,14765,1394446566.0,[],[],False
Sgt_Sammy,1,-7,1476503949.0,[],[],False
Boohoohooda,170,1514,1476467632.0,[],[],False
Spitfire75,3237,4514,1211837751.0,[],[],False
killerfire5,6,12,1475990385.0,[],[],False
healthy_prostate,27,8294,1464641254.0,[],[],False
asparg0,3,275,1450850085.0,[],[],False
NJ_,1620,95725,1381284467.0,[],[],False
HVIL,5,7692,1372693924.0,[],[],False
blaksheepbeats,13250,581,1458940291.0,[],[],False
_TimeParadox,422,17963,1437441227.0,[],[],False
RuCat,1376,11426,1372838367.0,[],[],False
tehnico,6505,94787,1285960385.0,[],[],False
AJCLEG98,2409,48183,1459644519.0,[],[],False
kittycathleen,180,3129,1410172816.0,[],[],False
skateordie002,3106,116064,1368240379.0,[],[],False
Marky9281,13948,55998,1452297141.0,[],[],False
Dontsayyouwantme,27,-8,1477313670.0,[],[],False
Plut0nian,1,11505,1475598214.0,[],[],False
Trash_Sells,377,2367,1414117462.0,[],[],False
FloppyG,1971,38016,1365937910.0,[],[],False
RrailThaKing,7,20479,1408233165.0,[],[],False
PersianKingMotovlog,984,487,1438850667.0,[],[],False
tophernator,20,165534,1350651046.0,[],[],False
Noirgheos,1408,21667,1415396812.0,[],[],False
weaksaucedude,26,97126,1423628145.0,[],[],False
Cheeseburgermac,91,454,1335840141.0,[],[],False
Eogard,4708,31638,1370536760.0,[],[],False
le_petit_dejeuner,24698,110132,1399143962.0,[],[],False
CrowbarEnema,330,56901,1433994123.0,[],[],False
spaghettilegslee,471,4469,1458281438.0,[],[],False
Tancansf,4356,4184,1447204764.0,[],[],False
ImSanic,8593,10293,1437787386.0,[],[],False
Revslowmo,3376,8091,1265060120.0,[],[],False
Yamuna522201,80,197,1444529304.0,[],[],False
trex_in_spats,39,71386,1430516608.0,[],[],False
barcelona696,622,16504,1386446047.0,[],[],False
cupcakefromhell,1019,1161,1452058864.0,[],[],False
MutantCreature,16835,132422,1347170705.0,[],[],False
Brimstone747,928,62463,1451587319.0,[],[],False
liftstropical,293,1063,1422528369.0,[],[],False
dcnairb,15392,107141,1363470570.0,[],[],False
MetalheadLover1970,1697,970,1459705510.0,[],[],False
JustABitEvil,706,7392,1433651981.0,[],[],False
minpinerd,1072,16300,1464129371.0,[],[],False
antbates,2701,34099,1361359288.0,[],[],False
scot911,16,77339,1386123274.0,[],[],False
jikkler,24381,169329,1419807607.0,[],[],False
planetyonx,1312,19719,1338784172.0,[],[],False
AleasLupo,238,1215,1463657615.0,[],[],False
thegroovemonkey,1751,149780,1422161572.0,[],[],False
Tru_AristoCat,4912,19428,1457569399.0,[],[],False
Daaaaaaaaaanasaur,230,152,1469396665.0,[],[],False
Otalkusan,79,168,1456343453.0,[],[],False
Datcrazycreeper,14133,8056,1438491036.0,[],[],False
FatKontroller,18,955,1371651071.0,[],[],False
dolph3k,6078,2281,1460723889.0,[],[],False
OriginalPostSearcher,9,85365,1436847306.0,[],[],False
toxic_kitten,9491,9959,1325655765.0,[],[],False
Rei_Gun28,869,34976,1463780047.0,[],[],False
Hockeyiscool,2490,26519,1440381389.0,[],[],False
diagonaltwist,4816,378,1389663585.0,[],[],False
Mulsanne,30010,341223,1234340798.0,[],[],False
BrooklynSwimmer,1152,15779,1470313681.0,[],[],False
dxwoodward,8877,2164,1283198305.0,[],[],False
GeoLife,1,18038,1443374337.0,[],[],False
atomic_mermaid,7325,65091,1454101219.0,[],[],False
DnMarshall,4479,221446,1433102252.0,[],[],False
3wire,5939,8542,1332530663.0,[],[],False
VGFierte,1257,24454,1436919930.0,[],[],False
FarSightXR-20,125,269814,1444927101.0,[],[],False
JFRHorton,3826,47953,1324175545.0,[],[],False
sc2assie,2445,55453,1339603649.0,[],[],False
DJcrustacean,2671,1334,1313392055.0,[],[],False
ViceS96,1695,2347,1451032286.0,[],[],False
Patsrul,1918,28239,1467149993.0,[],[],False
EvanYork,868,36985,1313460747.0,[],[],False
Fixner_Blount,11108,246545,1355353491.0,[],[],False
jacobi123,1964,54695,1314473826.0,[],[],False
sixfootnine,10008,4680,1398312186.0,[],[],False
Badmouth55,1817,22051,1371079734.0,[],[],False
wbrocks67,43782,72236,1459463685.0,[],[],False
funobtainium,4224,140034,1373401341.0,[],[],False
catmeowstoomany,30,1752,1471186039.0,[],[],False
Kasendou,1,7114,1395265936.0,[],[],False
clarkision,514,81800,1384403127.0,[],[],False
Ginnipe,192,33673,1423710985.0,[],[],False
OrangeOakie,4579,83642,1456219499.0,[],[],False
neongreenpurple,16849,125725,1347937907.0,[],[],False
Godszn,61446,77845,1397706368.0,[],[],False
Horse625,1853,39037,1372338554.0,[],[],False
NancyGracesTesticles,928,177468,1185732136.0,[],[],False
indican_king,9,1553,1456074790.0,[],[],False
rhyacotriton,9141,1538,1460381882.0,[],[],False
diamondbutcher,1,2005,1426117260.0,[],[],False
DisMahRaepFace,32357,5393,1456316087.0,[],[],False
Chesney1995,21360,288094,1357752373.0,[],[],False
KyleCardoza,625,51151,1406580446.0,[],[],False
ZombiesLVL99,1,290,1466357101.0,[],[],False
thunder_eseek,691,11526,1471794251.0,[],[],False
Randomoneh,28878,57530,1327033807.0,[],[],False
a_rescue_penguin,967,28493,1368058497.0,[],[],False
beigemore,27047,35939,1307260387.0,[],[],False
JoannaBe,6185,16525,1458807245.0,[],[],False
downcolorfulhill,3173,2350,1324864274.0,[],[],False
Shinrahunter,6847,75342,1267334739.0,[],[],False
ImNotJesus,393979,861804,1300954374.0,[],[],False
Peeeeeps,652,18158,1398702582.0,[],[],False
Lynx908,269,1941,1333771876.0,[],[],False
scoobyduuu,165,622,1425336256.0,[],[],False
PoliticsModeratorBot,3735670,-100,1436468186.0,[],[],False
zTillaN,8400,6933,1458584285.0,[],[],False
rollme,1,76828,1395948864.0,[],[],False
RedHeadedRiot,2216,9314,1452072417.0,[],[],False
tattooed_n_high,1,9136,1457307093.0,[],[],False
j1310,8,123,1455505993.0,[],[],False
up9rade,22482,10492,1319157143.0,[],[],False
Aeschylus_,1001,94270,1353819910.0,[],[],False
wazoheat,16558,243107,1339295312.0,[],[],False
pUmKinBoM,192,65096,1310012819.0,[],[],False
saiofrelief,1036,19607,1436908076.0,[],[],False
PhilAwful,1150,2504,1298426542.0,[],[],False
DeRockProject,6304,36446,1365114412.0,[],[],False
legendairyness,4703,317,1475749239.0,[],[],False
SubaruToyotaFan1986,55423,13728,1445271985.0,[],[],False
adpowah,119,7723,1434408910.0,[],[],False
m3ghost,99,6871,1412877384.0,[],[],False
tamouq,2773,12276,1363568692.0,[],[],False
Balor64,1,158,1447359413.0,[],[],False
kick_his_ass_sebas,2708,16754,1378712300.0,[],[],False
AnExoticLlama,7796,63879,1299877897.0,[],[],False
thatguy987dsfa80,1,226,1454393828.0,[],[],False
HooDooYouThink,8152,16899,1468858015.0,[],[],False
onlysane1,22759,155325,1419362582.0,[],[],False
8_bit_kit,406,3711,1457376567.0,[],[],False
GenericCoffee,6453,61551,1377097709.0,[],[],False
mattatinternet,5829,35617,1413053258.0,[],[],False
Mujona_Akage,829,9664,1466226811.0,[],[],False
Mr_Simba,13821,79540,1346235308.0,[],[],False
TheRisenThunderbird,22603,135348,1445182663.0,[],[],False
C0rnstalker,71,600,1364682018.0,[],[],False
maccc,1,2044,1279867466.0,[],[],False
pamsabear,1849,161438,1473817495.0,[],[],False
GloryHol3,608,16509,1385626344.0,[],[],False
HimynameisBrad,17835,15363,1326302070.0,[],[],False
steveurkelsextape,603,137468,1476104300.0,[],[],False
a_bit_odd,153,3488,1291069492.0,[],[],False
t88m,17606,48138,1444676145.0,[],[],False
RedditDan00,20009,30591,1446922314.0,[],[],False
fedoraworm,871,4534,1416886465.0,[],[],False
strahinjavukmanov1,12,1,1474679920.0,[],[],False
Yamuna522201,80,197,1444529304.0,[],[],False
bananagrabber83,552,110682,1333469279.0,[],[],False
D_K_Schrute,3753,106185,1356729935.0,[],[],False
SnoodDood,1156,63987,1328825384.0,[],[],False
technocassandra,1568,71256,1290705482.0,[],[],False
DodgersIslanders,3471,28663,1473557445.0,[],[],False
GhostPug13,4335,9138,1477694415.0,[],[],False
YouBlewMyMind,2115,17910,1303671700.0,[],[],False
skmownage345,1894,42026,1431032716.0,[],[],False
completej,1366,8427,1302565176.0,[],[],False
Sea_Stone,99,1860,1454269422.0,[],[],False
mechkbot,1451,9507,1435789735.0,[],[],False
Zardif,26376,265008,1384640009.0,[],[],False
rampage102,2242,858,1463266621.0,[],[],False
seizuresrock,12218,35381,1407442607.0,[],[],False
Cplinaz,2298,59,1462027957.0,[],[],False
captainsolo77,395,84781,1336085618.0,[],[],False
gaycatholicaway,271,15851,1424821739.0,[],[],False
Squeego,1135,9083,1463364506.0,[],[],False
BukkakeKing,149,7067,1375914222.0,[],[],False
Perrygrination,251,614,1469161150.0,[],[],False
G-nz,502,1209,1471414643.0,[],[],False
ArchGoodwin,19458,25879,1302843258.0,[],[],False
SteevyT,13436,228461,1383233390.0,[],[],False
GC146,980,5993,1416697147.0,[],[],False
Morotstomten,1,37286,1361789419.0,[],[],False
adocdt,6447,15380,1409077188.0,[],[],False
-bhc-,669,9044,1459475702.0,[],[],False
comix_corp,24180,207965,1320926530.0,[],[],False
PistolPackinHonkey,5,473,1474336842.0,[],[],False
asp4prez,364,386,1477595946.0,[],[],False
gazza_lad,225,11071,1416786583.0,[],[],False
AnotherSJW,3646,4038,1469060557.0,[],[],False
Drek49,154,14285,1334856666.0,[],[],False
Solidux,48171,50728,1335864791.0,[],[],False
Vap-n-ape,2148,12266,1416791170.0,[],[],False
toma-grobar,100,2925,1455891316.0,[],[],False
EebamXela,54121,19002,1329110711.0,[],[],False
DudeAsInCool,41824,37846,1169971287.0,[],[],False
ThinkinTime,3419,248362,1448685179.0,[],[],False
EnderNinjaGuy,226,189,1457297879.0,[],[],False
SiscoSquared,722,57176,1469693959.0,[],[],False
ricottma,984,5638,1477956739.0,[],[],False
loveford,161,461,1439309097.0,[],[],False
BRS4,1488,403,1471089389.0,[],[],False
DicNavis,17220,215474,1418070648.0,[],[],False
TelekineticHead,253,3763,1389274082.0,[],[],False
Onkel_Adolf,1514,61403,1468351984.0,[],[],False
Nesbro,275,2383,1430828727.0,[],[],False
Hazzerpaused100,220,218,1429025228.0,[],[],False
MotionManTV,18319,15800,1464731382.0,[],[],False
The_Real_MPC,321,7767,1459167276.0,[],[],False
stevenjk,3548,51347,1384299545.0,[],[],False
Mexcellense,29,566,1474577621.0,[],[],False
sarvaga,1116,16880,1412460685.0,[],[],False
ParisBby,3210,871,1451478442.0,[],[],False
nomadluap,760,11348,1292915639.0,[],[],False
OliverQ27,7258,159166,1453947405.0,[],[],False
ChapterLiam,5249,96564,1401023691.0,[],[],False
Geler,395,98946,1328123891.0,[],[],False
kjhwkejhkhdsfkjhsdkf,3778,373580,1420004790.0,[],[],False
Fighting_G00SE,278,-100,1473690705.0,[],[],False
Spykes,504,2289,1339555574.0,[],[],False
Rich-AIDS-Evans,3887,6714,1469205389.0,[],[],False
noseybast,25,1703,1435149944.0,[],[],False
Tigershark2112,41456,15668,1350962708.0,[],[],False
Ghostieonthird,254,2231,1446053035.0,[],[],False
OblivionCv3,11614,125388,1369186258.0,[],[],False
brainiac3397,1860,328341,1367459899.0,[],[],False
TheCaliHaze,4125,16961,1385164347.0,[],[],False
FootballCTE,4668,31825,1472074195.0,[],[],False
Retrikaethan,8893,220410,1386054357.0,[],[],False
AirMail77,8736,8193,1442420991.0,[],[],False
Ecoste,17821,16928,1318268489.0,[],[],False
danger__ranger,3668,14823,1401812308.0,[],[],False
SchwiftyAF_Mystic412,5,868,1470950648.0,[],[],False
SomeSpookyH2KFan,1903,1178,1449700927.0,[],[],False
F_Martin,6657,16242,1413821218.0,[],[],False
Tezzeret_AoB,1,965,1472074677.0,[],[],False
SheytanHS,559,37266,1398539928.0,[],[],False
jaypenn3,11847,311832,1372200521.0,[],[],False
Rowgor,1,0,1477947151.0,[],[],False
r0nyn,1067,12922,1419135801.0,[],[],False
REEB,30479,112424,1308300645.0,[],[],False
captmotorcycle,108595,88421,1319100222.0,[],[],False
Stinky_Binks,32612,23476,1458351754.0,[],[],False
Honesty_Addict,71894,177588,1373660068.0,[],[],False
zeebious,922,97203,1341924632.0,[],[],False
Chrisiztopher,54573,74602,1400553702.0,[],[],False
Choco316,48942,146134,1396833493.0,[],[],False
Bigjdwbuf,1,74,1470965902.0,[],[],False
jumpingrunt,728,5416,1366438519.0,[],[],False
d4b3ss,1931,125720,1419023777.0,[],[],False
ThisAintMyHouse,1529,6705,1459429014.0,[],[],False
sureai_till,4163,3941,1472748341.0,[],[],False
VK4502B,1356,7007,1426528470.0,[],[],False
-Dirt,12811,25423,1408561140.0,[],[],False
Hondor64,4706,3436,1396740574.0,[],[],False
The_BatPidge,337,462,1472338377.0,[],[],False
OpossumFieldRecords,77,2880,1470116841.0,[],[],False
FuckedByCrap,655,67626,1426215556.0,[],[],False
Guerrilla_Time,332,18612,1431532682.0,[],[],False
Xiphr,20,176,1400297048.0,[],[],False
SleepWouldBeNice,49581,351342,1388720385.0,[],[],False
careerbum,1237,293,1336555639.0,[],[],False
ialwaysfudgeup,36,416,1468372716.0,[],[],False
pistolpetematty,24022,286784,1417110544.0,[],[],False
Deielsio,7139,13011,1428162544.0,[],[],False
Stormcrownn,4751,41770,1426734648.0,[],[],False
are-you-real,1,13,1462145508.0,[],[],False
nutcrackr,1537,158424,1334402982.0,[],[],False
Whoreus,1,186,1440254332.0,[],[],False
svrtngr,4350,248477,1320947961.0,[],[],False
chafe,4247,98742,1263649262.0,[],[],False
Albert481,13,27,1434331375.0,[],[],False
shakakka99,5461,251207,1347644010.0,[],[],False
tarkod,373,1997,1427886824.0,[],[],False
jerrysburner,3338,52765,1387336676.0,[],[],False
Kachitusu,2754,14622,1327200971.0,[],[],False
Bark0s,1328,5489,1343287774.0,[],[],False
TheDevilsHorn,8,44317,1475825121.0,[],[],False
alltheseflavours,430,46142,1460285234.0,[],[],False
Stedw,127,18660,1418764864.0,[],[],False
Hrothgar_Cyning,4747,78128,1451338464.0,[],[],False
superprez,1,49093,1388445338.0,[],[],False
zoel_jimmerman,12187,23705,1383017269.0,[],[],False
kirawolf93,64,3162,1341959640.0,[],[],False
lucioghosty,12293,32617,1419300645.0,[],[],False
BeraldGevins,11606,229252,1451848287.0,[],[],False
mplsbikewrath,9947,21768,1440184302.0,[],[],False
zikari8,21889,83956,1420308732.0,[],[],False
TennisShoeNinja,3999,2995,1328384708.0,[],[],False
JamesLiptonIcedTea,18913,143158,1280869224.0,[],[],False
FitnessFreak09,7206,3521,1394348108.0,[],[],False
PM_ME_YIFF_PICS,122040,87722,1465867834.0,[],[],False
BxrDog,116,1610,1467287006.0,[],[],False
DjangoZero,12050,52169,1463465900.0,[],[],False
Regretsblade,2749,12151,1416777150.0,[],[],False
HumanTrafficCone,597,196262,1363395406.0,[],[],False
dnavi,1073,37728,1466365545.0,[],[],False
toadofsteel,17685,405974,1360789626.0,[],[],False
paigeorose92,2488,4445,1343058195.0,[],[],False
tikibowtiki,552,5723,1404998024.0,[],[],False
The_Dok,38963,535163,1291914149.0,[],[],False
RedHeadedRiot,2216,9314,1452072417.0,[],[],False
TarkatanAccountant,1981,51123,1456519999.0,[],[],False
mynumberistwentynine,54307,210113,1363055371.0,[],[],False
ShamrockAPD,2365,48253,1374535599.0,[],[],False
bullsfan281,30054,168361,1383025518.0,[],[],False
DConstructed,43,721462,1402965036.0,[],[],False
jaketocake,458494,292862,1311470526.0,[],[],False
chris-goodwin,867,15394,1384450451.0,[],[],False
apimpnamedgekko,543,31501,1352146171.0,[],[],False
ShiningGod,2,12112,1476505743.0,[],[],False
zyklusx,46,2919,1412592018.0,[],[],False
vbuterin,17320,85281,1323217631.0,[],[],False
ssini92,2463,25663,1363990398.0,[],[],False
Emergency_eyewash,551,2164,1365646065.0,[],[],False
VY_Cannabis_Majoris,13569,108667,1349735344.0,[],[],False
saibot0224,148,104,1370111784.0,[],[],False
linusrauling,1,9487,1422515919.0,[],[],False
froggfan09,2187,4926,1400994873.0,[],[],False
rickscarf,20876,538775,1286071986.0,[],[],False
Dockirby,7144,119677,1326877722.0,[],[],False
theyrcoming4me,51,1140,1338074269.0,[],[],False
nomadwrangler,47,6958,1354811653.0,[],[],False
HexHoodoo,222,6484,1378442366.0,[],[],False
EpicHamMan,4685,2813,1358242766.0,[],[],False
supercujo,912,301,1366352145.0,[],[],False
_pulsar,614,119828,1314249107.0,[],[],False
lolalodge,302335,206710,1371785405.0,[],[],False
WAFC,20,19264,1383142876.0,[],[],False
kwewe,145,15697,1444321745.0,[],[],False
whirlinggibberish,1966,76132,1433192367.0,[],[],False
CaulkusAurelis,33017,94308,1421874405.0,[],[],False
Galag0,274,6773,1332592931.0,[],[],False
cannibaljim,175609,185634,1325922213.0,[],[],False
Bronze_Yohn,292,16794,1400888109.0,[],[],False
dude984,202,2207,1301164261.0,[],[],False
Basket0fDeplorables,7017,31018,1474052097.0,[],[],False
ThePlanck,1312,134476,1470422400.0,[],[],False
PhairynRose,117,2323,1452411603.0,[],[],False
ice-minus,4222,26226,1409868772.0,[],[],False
pacmanovich,253,299,1477925406.0,[],[],False
dsizzle1114,40,2960,1466643743.0,[],[],False
--darkstar__,110,11294,1443510783.0,[],[],False
Meowshi,6601,209377,1378032720.0,[],[],False
nikorasu_the_great,67926,156265,1349818183.0,[],[],False
Salty_Minnesota,26555,141539,1393784781.0,[],[],False
kkup,5815,5407,1361460925.0,[],[],False
gman8910,472,739,1385934693.0,[],[],False
Juan_More_Taco,4293,24849,1444796502.0,[],[],False
sudo_scientific,45,12939,1473961267.0,[],[],False
CaptainMulligan,4253,46619,1394473811.0,[],[],False
ScarletChild,346,5927,1413171137.0,[],[],False
Angeleno88,1,47039,1470845660.0,[],[],False
Zurkarak,1102,37870,1445569269.0,[],[],False
stadiofriuli,50264,208350,1371232587.0,[],[],False
LawrenceSanJuan,2645,7185,1323837086.0,[],[],False
optimuspro,34,2741,1390518715.0,[],[],False
zer0dota,7585,13596,1440893505.0,[],[],False
Ty199,3177,5126,1385193529.0,[],[],False
AlphaOwn,12691,71739,1392223334.0,[],[],False
BabyEatingFox,6374,7153,1389314330.0,[],[],False
hitbyacar1,61556,243060,1407211359.0,[],[],False
MajorRobotnik,39674,49866,1467993024.0,[],[],False
TheWombatFromHell,40915,124309,1452894945.0,[],[],False
rektlelel,927,19085,1405399678.0,[],[],False
thebbman,19261,149254,1345742126.0,[],[],False
MyNameIsIzzy,3632,352,1308454535.0,[],[],False
DavidHJ,5501,34239,1405518470.0,[],[],False
Lobo_Marino,32578,349407,1360888361.0,[],[],False
DementedCows,2839,12938,1468454297.0,[],[],False
LiveshipParagon,5598,10297,1453922736.0,[],[],False
helarco,2334,13087,1431982075.0,[],[],False
wtoisb,57,4971,1471955504.0,[],[],False
jurais,14314,43982,1420689846.0,[],[],False
AleManfred1,1,1270,1469387154.0,[],[],False
blastmynips,1334,3257,1442184729.0,[],[],False
Diactylmorphinefiend,81,25228,1395974426.0,[],[],False
6x9equals42,253,7080,1338731222.0,[],[],False
qqqwwwqw,406,4078,1465251365.0,[],[],False
xboxfi3nd,262,783,1283040101.0,[],[],False
InferSaime,5545,10464,1424986400.0,[],[],False
Sweetcheex76,4172,18451,1317760158.0,[],[],False
TheSlimJim,7465,35949,1398308506.0,[],[],False
VespertineQueen,19394,34441,1474989027.0,[],[],False
Dee10192,35,175,1460841492.0,[],[],False
Ruckus2118,1657,34246,1320895398.0,[],[],False
Temprament,6509,31696,1365130030.0,[],[],False
Lancer26,275,538,1426665895.0,[],[],False
whats_a_hokie,4718,43074,1424648337.0,[],[],False
fuyuasha,840,7643,1363896860.0,[],[],False
420grainwaves,7965,332,1456045151.0,[],[],False
elitegenoside,1863,129380,1367736621.0,[],[],False
Tnargkiller,685595,177477,1345766850.0,[],[],False
thegreedyturtle,15199,99957,1291339049.0,[],[],False
markusalkemus66,14064,140524,1301879545.0,[],[],False
Nsyochum,3864,123266,1461948340.0,[],[],False
sleeske,1,351,1399889016.0,[],[],False
arkansasdirtbag,76,317,1433528634.0,[],[],False
Thugzz_Bunny,17710,214027,1361907855.0,[],[],False
oldbluebox,19036,29793,1295503089.0,[],[],False
stickfigure1971,12,5,1477783569.0,[],[],False
Dangld,3314,19659,1366808240.0,[],[],False
basedmartyr,6888,31703,1343346726.0,[],[],False
wackzhitney,34,2583,1460464066.0,[],[],False
Taux,24957,11039,1320303936.0,[],[],False
5dwolf22,367,4724,1446616080.0,[],[],False
pothkan,64621,291549,1395499985.0,[],[],False
IanTheEmender,1505,3491,1356978342.0,[],[],False
the_Bear99,4389,8576,1427930384.0,[],[],False
lordofalldragons,2555,1605,1433933649.0,[],[],False
nottheonlytwo,464,4358,1446325484.0,[],[],False
imadogg,14656,170021,1325372593.0,[],[],False
Skeater0324,837,8902,1357705289.0,[],[],False
jsav814,1438,23374,1367387786.0,[],[],False
Mason11987,6395,186070,1239548171.0,[],[],False
gr1zzlybear,18686,37785,1352479001.0,[],[],False
stencilizer,21745,39841,1342349171.0,[],[],False
mushroom_tree,152,1318,1383856953.0,[],[],False
jasperval,363,162906,1419600444.0,[],[],False
PM_ME_YIFF_PICS,122040,87722,1465867834.0,[],[],False
PhyrexStrike,160,1829,1348079890.0,[],[],False
Psychonaut76,47,52,1471922840.0,[],[],False
Oxi_,15954,12781,1428779285.0,[],[],False
catdeuce,72413,133766,1348382351.0,[],[],False
dispatch134711,4577,130658,1334470224.0,[],[],False
KeyesKeyento,186,877,1463364688.0,[],[],False
ExpFilm_Student,73078,344444,1476517028.0,[],[],False
schbaseballbat,1809,60867,1326128821.0,[],[],False
Couz,5998,5671,1317668190.0,[],[],False
Blueasarobinsegg,22,13388,1460644041.0,[],[],False
Arsoul,4036,5976,1395336712.0,[],[],False
rancid13,1,552,1382830540.0,[],[],False
jekbrooom,593,12407,1461591251.0,[],[],False
doomhoney,4,3,1477958330.0,[],[],False
Darnell5000,9604,55798,1422728785.0,[],[],False
dkdldhdkdlWkd,5357,6305,1475367810.0,[],[],False
Sid2k16,3970,14941,1448406995.0,[],[],False
Mauly603,289,16234,1413643827.0,[],[],False
snizzb0ne,11388,140201,1459141613.0,[],[],False
EasyParise,4460,33596,1446056350.0,[],[],False
mycatmako,36,73,1456811665.0,[],[],False
Ocinea,10007,90655,1344040197.0,[],[],False
PracticingMyDadJokes,728,23212,1459953468.0,[],[],False
Uber-A,37200,114369,1454883988.0,[],[],False
MythOfBacon,492,4521,1465879605.0,[],[],False
Prime89,489,28957,1413733526.0,[],[],False
GeoffreyArnold,13504,80106,1340672721.0,[],[],False
Sinnaman_,12523,7262,1393291083.0,[],[],False
flakula,5720,44382,1426200007.0,[],[],False
pengytheduckwin,276,10202,1313622958.0,[],[],False
slapded,31865,103262,1283544429.0,[],[],False
Bobthekillercow,852,3077,1357111520.0,[],[],False
nerdherdering,241,19728,1474570769.0,[],[],False
SlipStreamWork,2072,13103,1309291714.0,[],[],False
MaddogOIF,1946,143801,1409983082.0,[],[],False
getreadyforiteurope,1,-16,1477891252.0,[],[],False
WhereIsTheTPSReport,1,8,1475530287.0,[],[],False
accountabilitycounts,45348,764556,1439499681.0,[],[],False
Stahn88,183,4251,1410555665.0,[],[],False
ak313,1439,5308,1370437835.0,[],[],False
sevastapolnights,387,2064,1462948203.0,[],[],False
Tokioio,1,61,1475618334.0,[],[],False
CaptainLeviZ,555,927,1471295513.0,[],[],False
Quackattackaggie,34701,74747,1375995229.0,[],[],False
BrolysFavoriteNephew,73,79715,1457547541.0,[],[],False
muchtooblunt,3328,13526,1431076133.0,[],[],False
Nazenn,7325,176860,1430022073.0,[],[],False
spunkypunk,4877,1882,1397280928.0,[],[],False
BoTuLoX,1701,39340,1339495360.0,[],[],False
farcetragedy,94519,101396,1404487697.0,[],[],False
yuleahcim,4781,10072,1398799404.0,[],[],False
freethrowfadeaway,1,0,1477958293.0,[],[],False
Belovedad,2136,3412,1449549193.0,[],[],False
WhatYouProbablyMeant,5456,59337,1328093101.0,[],[],False
ClassyJacket,45390,141125,1409029147.0,[],[],False
Jamez243,1896,2547,1368972670.0,[],[],False
cah_white_bot,1,3035,1393867289.0,[],[],False
the_fascist,9504,95495,1373390596.0,[],[],False
Cyclops1i2u,305,38800,1409608031.0,[],[],False
Soumatan,73,346,1422141784.0,[],[],False
Dark_Ham101,238,12387,1452358796.0,[],[],False
burrowedbaneling,154,12460,1458767357.0,[],[],False
Goleeb,18,60195,1366042932.0,[],[],False
c_double_u,206,131562,1391365539.0,[],[],False
ochotonaprinceps,4004,62405,1313327629.0,[],[],False
HollywoodBot,764,546,1473624825.0,[],[],False
Seeksie,11505,45928,1404679747.0,[],[],False
osm0sis,15039,56635,1302852369.0,[],[],False
Fuzati,20386,50597,1356552546.0,[],[],False
ANAL_SWINGBALL,627,1378,1448746262.0,[],[],False
Thainda,1,24,1477800015.0,[],[],False
Hacksorusss,3397,13956,1450451262.0,[],[],False
EebamXela,54122,19002,1329110711.0,[],[],False
SplendidZebra,5202,21212,1367390861.0,[],[],False
PiousLiar,13047,162514,1344128454.0,[],[],False
bajastapler,422,18486,1319229230.0,[],[],False
evilnerf,3661,27404,1415929475.0,[],[],False
Jethr0Paladin,3782,32265,1317234739.0,[],[],False
redavid,5849,197959,1307929809.0,[],[],False
TheMonkeysUncle,5504,12355,1373240733.0,[],[],False
RazorRoberto,9106,2407,1476063333.0,[],[],False
jay101182,4312,42919,1396418886.0,[],[],False
FoolishSilvas,10623,24320,1348708372.0,[],[],False
hucklebutts,98,178,1361419798.0,[],[],False
ebeaudin,35,91,1471702410.0,[],[],False
HungryHungryHorkers,1,20829,1427404417.0,[],[],False
_darkwingduck_,2005,21247,1400137192.0,[],[],False
kaio37k,2458,9752,1345804390.0,[],[],False
Rhinosaucerous,3,74414,1447516268.0,[],[],False
dgiordano518,21851,8897,1474492833.0,[],[],False
Recomposer,217,94006,1410539354.0,[],[],False
Turious,3573,77487,1282915518.0,[],[],False
dgpoop,143,29698,1346338905.0,[],[],False
T0rin-,2396,66471,1362753994.0,[],[],False
Grant72439,78,13466,1399342705.0,[],[],False
MrPot4to,5201,14826,1439660569.0,[],[],False
Born_Ruff,4621,215978,1407474024.0,[],[],False
cspatrik,7719,15918,1410443904.0,[],[],False
